BookID,Title,Author,ISBN,Genre,Quantity
1,Configurable stable methodology,Jeffrey Carey,978-0-03-050997-1,Tech,2
2,Managed background task-force,Julie Kelley,978-1-70787-744-7,Fiction,4
3,Devolved 3rdgeneration workforce,Oscar Daniels,978-1-117-46298-1,History,4
4,Persevering web-enabled array,Stephen Rose,978-1-84594-086-7,Biography,2
5,Ergonomic holistic access,Vanessa Chan,978-0-536-02087-1,History,2
6,Organized human-resource emulation,Ms. Bailey Robinson DDS,978-1-953997-59-3,History,1
7,Enterprise-wide bi-directional adapter,Teresa Powers,978-0-9787343-8-1,Fiction,4
8,Self-enabling bandwidth-monitored encryption,William Contreras,978-1-129-61692-1,Biography,1
9,Reactive object-oriented focus group,Phillip Callahan,978-1-116-73322-8,Tech,1
10,Monitored 5thgeneration collaboration,Tyler Garrett,978-0-671-56368-4,Biography,5
11,Enhanced needs-based neural-net,John Webb,978-1-4481-0581-6,Biography,5
12,Reactive clear-thinking standardization,Patrick Collins,978-0-7652-1708-0,Biography,4
13,Enterprise-wide zero-defect groupware,Melissa Howard,978-1-02-661722-9,Sci-Fi,4
14,Adaptive methodical standardization,Zachary Porter,978-1-318-26653-1,Tech,3
15,Stand-alone homogeneous algorithm,Shirley Smith,978-1-59783-231-1,History,3
16,Streamlined foreground standardization,David Anthony,978-1-351-85821-2,Tech,2
17,Innovative solution-oriented solution,Brent Malone,978-0-427-88387-5,Sci-Fi,2
18,Object-based 4thgeneration emulation,Stacy Campbell,978-1-887425-05-6,Tech,2
19,Extended zero-defect policy,Shelby Davis,978-1-222-88779-2,History,3
20,Customer-focused grid-enabled instruction set,Nicole Gibbs,978-1-116-76327-0,Biography,5
21,Configurable systematic collaboration,Justin Pearson,978-1-156-25656-5,Biography,3
22,Proactive bandwidth-monitored methodology,Kevin Wright,978-1-4303-3790-4,Fiction,5
23,Robust methodical circuit,Margaret Gonzales,978-1-238-64323-8,Fiction,1
24,Intuitive stable Graphical User Interface,Robert Andersen,978-0-612-25025-3,Sci-Fi,5
25,Function-based local moratorium,Thomas Cooper,978-1-06-095326-0,Fiction,1
